1 Jan 2020	Food & Drink	Food and Drinks		198.56	Clarence	Clarence
1 Jan 2020	Insurance	Aviva	Group Term (Monthly)	7.97	Clarence	Clarence
1 Jan 2020	Subscriptions	Spotify		2.90	Clarence	Clarence
1 Jan 2020	Transport	Bus / MRT		79.90	Clarence	Clarence
1 Jan 2020	Transport	Grab		70.00	Clarence	Clarence
3 Jan 2020	Bills	Circles.Life		16.80	Clarence	Clarence
1 Feb 2020	Food & Drink	Food and Drinks		183.55	Clarence	Clarence
1 Feb 2020	Insurance	AIA	Personal Accident (Annual)	282.51	Clarence	Clarence
1 Feb 2020	Insurance	Aviva	Group Term (Monthly)	7.97	Clarence	Clarence
1 Feb 2020	Subscriptions	Spotify		2.90	Clarence	Clarence
1 Feb 2020	Transport	Bus / MRT		98.00	Clarence	Clarence
1 Feb 2020	Transport	Grab		75.00	Clarence	Clarence
3 Feb 2020	Bills	Circles.Life		30.76	Clarence	Clarence
1 Mar 2020	Food & Drink	Food and Drinks		147.23	Clarence	Clarence
1 Mar 2020	Health	PolyClinic	NHG	10.00	Clarence	Clarence
1 Mar 2020	Insurance	AIA	Personal Accident (Annual)	195.00	Clarence	Clarence
1 Mar 2020	Insurance	Aviva	Group Term (Monthly)	7.97	Clarence	Clarence
1 Mar 2020	Other	Passport Renewal		70.00	Clarence	Clarence
1 Mar 2020	Subscriptions	Spotify		2.90	Clarence	Clarence
1 Mar 2020	Transport	Bus / MRT		122.70	Clarence	Clarence
1 Mar 2020	Transport	Grab		60.00	Clarence	Clarence
3 Mar 2020	Bills	Circles.Life		20.90	Clarence	Clarence
1 Apr 2020	Food & Drink	Food and Drinks		13.50	Clarence	Clarence
1 Apr 2020	Groceries	Groceries		27.85	Clarence	Clarence
1 Apr 2020	Health	Masks		3.52	Clarence	Clarence
1 Apr 2020	Insurance	Aviva	Group Term (Monthly)	7.97	Clarence	Clarence
1 Apr 2020	Other	School Fees		556.10	Clarence	Clarence
1 Apr 2020	Subscriptions	Spotify		2.50	Clarence	Clarence
1 Apr 2020	Transport	Bus / MRT		20.00	Clarence	Clarence
1 Apr 2020	Transport	Grab		41.05	Clarence	Clarence
3 Apr 2020	Bills	Circles.Life		20.00	Clarence	Clarence
1 May 2020	Food & Drink	Food and Drinks		70.45	Clarence	Clarence
1 May 2020	Groceries	Groceries		33.80	Clarence	Clarence
1 May 2020	Insurance	Aviva	Group Term (Monthly)	7.97	Clarence	Clarence
1 May 2020	Subscriptions	Spotify		2.50	Clarence	Clarence
1 May 2020	Transport	Bus / MRT		20.00	Clarence	Clarence
1 May 2020	Transport	Grab		28.40	Clarence	Clarence
3 May 2020	Bills	Circles.Life		20.00	Clarence	Clarence
1 Jun 2020	Food & Drink	Food and Drinks		41.65	Clarence	Clarence
1 Jun 2020	Gift	Ikea	Table	56.60	Clarence	Clarence
1 Jun 2020	Gift	OSIM Massager	Mum's Birthday	84.00	Clarence	Clarence
1 Jun 2020	Groceries	Groceries		51.00	Clarence	Clarence
1 Jun 2020	Insurance	Aviva	Group Term (Monthly)	7.97	Clarence	Clarence
1 Jun 2020	Other	Singpost Stamp		1.80	Clarence	Clarence
1 Jun 2020	Subscriptions	Spotify		2.50	Clarence	Clarence
1 Jun 2020	Transport	Bus / MRT		40.00	Clarence	Clarence
1 Jun 2020	Transport	Grab		7.86	Clarence	Clarence
1 Jun 2020	Transport	Rental Car	Singapore	205.00	Clarence	Clarence
3 Jun 2020	Bills	Circles.Life		20.00	Clarence	Clarence
